N,ComputationTime(ms),GFLOPS,CPU,GPU
8192,800.112416,1374.196433,0,1
8192,780.231208,1409.212573,0,1
8192,19836.992500,55.427335,0,1
